{
  "feature_names": [
    "step_bin_inactive",
    "step_bin_moderate",
    "step_bin_active",
    "sleep_good",
    "sleep_poor",
    "day_of_week_weekday",
    "day_of_week_weekend",
    "burden_low",
    "burden_medium",
    "burden_high"
  ],
  "n_features": 10,
  "feature_importance": {
    "step_bin_active": 0.8856164383561654,
    "day_of_week_weekend": 0.8541322314049581,
    "sleep_good": 0.8433856502242176,
    "burden_low": 0.8433856502242176,
    "day_of_week_weekday": 0.836809815950922,
    "step_bin_moderate": 0.7597402597402588,
    "step_bin_inactive": 0.275,
    "sleep_poor": 0.0,
    "burden_medium": 0.0,
    "burden_high": 0.0
  },
  "beta_day0": {
    "movement_suggestion": [
      0.0,
      0.0,
      0.0,
      0.0,
      0.0,
      0.0,
      0.0,
      0.0,
      0.0,
      0.0
    ],
    "goal_reminder": [
      0.0,
      0.0,
      0.0,
      0.0,
      0.0,
      0.0,
      0.0,
      0.0,
      0.0,
      0.0
    ],
    "journal": [
      0.0,
      0.0,
      0.0,
      0.0,
      0.0,
      0.0,
      0.0,
      0.0,
      0.0,
      0.0
    ]
  },
  "beta_daylast": {
    "movement_suggestion": [
      -0.275,
      -0.7597402597402588,
      -0.8856164383561654,
      -0.8433856502242176,
      0.0,
      -0.8368098159509219,
      -0.8541322314049581,
      -0.8433856502242176,
      0.0,
      0.0
    ],
    "goal_reminder": [
      -0.275,
      -0.7597402597402588,
      -0.8856164383561654,
      -0.8433856502242176,
      0.0,
      -0.8368098159509219,
      -0.8541322314049581,
      -0.8433856502242176,
      0.0,
      0.0
    ],
    "journal": [
      -0.275,
      -0.7597402597402588,
      -0.8856164383561654,
      -0.8433856502242176,
      0.0,
      -0.8368098159509219,
      -0.8541322314049581,
      -0.8433856502242176,
      0.0,
      0.0
    ]
  },
  "final_dosage_mean": 0.0,
  "final_dosage_std": 0.0,
  "final_h_mean": {
    "idle": 0.0,
    "movement_suggestion": -3.354084029854371,
    "goal_reminder": -3.354084029854371,
    "journal": -3.354084029854371
  },
  "q_values_day0": {
    "idle": 0.0,
    "movement_suggestion": 0.0,
    "goal_reminder": 0.0,
    "journal": 0.0
  },
  "q_values_daylast": {
    "idle": 0.0,
    "movement_suggestion": -1.882472617770839,
    "goal_reminder": -1.882472617770839,
    "journal": -1.882472617770839
  }
}
