{
  "base": {
    "config": "sprint1_bootstrap.yaml",
    "seeds": 50,
    "dp": {
      "optimal_value": 379.06759177324136,
      "per_step": 0.8423724261627585,
      "n_states": 384,
      "n_timesteps": 450,
      "greedy_oracle_mean": 289.4460000000004,
      "greedy_oracle_std": 15.000412794320113
    },
    "bandits": {
      "Std TS": {
        "total_mean": 252.572,
        "total_std": 105.6422264816489,
        "per_step": 0.561271111111111,
        "last50": 0.66184
      },
      "Std EG": {
        "total_mean": 280.75600000000003,
        "total_std": 89.26846847571653,
        "per_step": 0.6239022222222221,
        "last50": 0.7429999999999999
      },
      "Std UCB": {
        "total_mean": 240.386,
        "total_std": 33.945023258203854,
        "per_step": 0.5341911111111111,
        "last50": 0.8024600000000001
      },
      "Random": {
        "total_mean": 99.74600000000002,
        "total_std": 10.871241143494146,
        "per_step": 0.22165777777777781,
        "last50": 0.21492000000000008
      }
    },
    "heartsteps": {
      "total_mean": 379.651,
      "total_std": 4.8120940348251695,
      "per_step": 0.843668888888889,
      "last50": 0.8412400000000001,
      "gamma": 0.5,
      "time_s": 1.329756124992855
    },
    "idle": {
      "total_mean": 379.651,
      "total_std": 4.8120940348251695,
      "per_step": 0.843668888888889,
      "last50": 0.8412400000000001
    }
  },
  "base_masked": {
    "config": "sprint1_bootstrap_masked.yaml",
    "seeds": 50,
    "dp": {
      "optimal_value": 379.06759177324136,
      "per_step": 0.8423724261627585,
      "n_states": 384,
      "n_timesteps": 450,
      "greedy_oracle_mean": 237.82200000000012,
      "greedy_oracle_std": 12.150687881762146
    },
    "bandits": {
      "Std TS": {
        "total_mean": 174.63600000000002,
        "total_std": 70.63193968736806,
        "per_step": 0.38808,
        "last50": 0.45586000000000004
      },
      "Std EG": {
        "total_mean": 230.334,
        "total_std": 67.45235832793394,
        "per_step": 0.5118533333333334,
        "last50": 0.6095799999999999
      },
      "Std UCB": {
        "total_mean": 156.574,
        "total_std": 41.51424483234639,
        "per_step": 0.34794222222222226,
        "last50": 0.5730799999999999
      },
      "Random": {
        "total_mean": 83.56400000000002,
        "total_std": 8.356847731052657,
        "per_step": 0.18569777777777782,
        "last50": 0.17846000000000004
      }
    },
    "heartsteps": {
      "total_mean": 309.57,
      "total_std": 3.8905398083042413,
      "per_step": 0.6879333333333333,
      "last50": 0.68516,
      "gamma": 0.5,
      "time_s": 1.3477208749973215
    },
    "idle": {
      "total_mean": 309.623,
      "total_std": 3.910629233256459,
      "per_step": 0.6880511111111111,
      "last50": 0.68516
    }
  },
  "goal_driven": {
    "config": "cross/persona_goal_driven/sprint1_bootstrap_extensions.yaml",
    "seeds": 50,
    "dp": {
      "optimal_value": 414.3034868230547,
      "per_step": 0.9206744151623437,
      "n_states": 384,
      "n_timesteps": 450,
      "greedy_oracle_mean": 300.68499999999995,
      "greedy_oracle_std": 13.465716653784101
    },
    "bandits": {
      "Random": {
        "total_mean": 202.76999999999995,
        "total_std": 17.330600105016558,
        "per_step": 0.4506,
        "last50": 0.4273200000000001
      },
      "Std TS": {
        "total_mean": 231.60899999999995,
        "total_std": 64.35885695846378,
        "per_step": 0.5146866666666666,
        "last50": 0.52322
      },
      "Ctx TS": {
        "total_mean": 220.40900000000002,
        "total_std": 45.65587113395165,
        "per_step": 0.48979777777777783,
        "last50": 0.4949
      },
      "Std EG": {
        "total_mean": 321.75100000000003,
        "total_std": 92.80018614744263,
        "per_step": 0.7150022222222222,
        "last50": 0.77836
      },
      "Ctx EG": {
        "total_mean": 291.334,
        "total_std": 69.91140496371104,
        "per_step": 0.6474088888888889,
        "last50": 0.72672
      },
      "Std D-EG": {
        "total_mean": 314.81,
        "total_std": 97.89807352547854,
        "per_step": 0.6995777777777777,
        "last50": 0.73028
      },
      "Ctx D-EG": {
        "total_mean": 292.845,
        "total_std": 86.25598428514975,
        "per_step": 0.6507666666666667,
        "last50": 0.6794
      },
      "Std UCB": {
        "total_mean": 358.20200000000006,
        "total_std": 65.92152149336361,
        "per_step": 0.7960044444444444,
        "last50": 0.878
      },
      "Ctx UCB": {
        "total_mean": 303.16700000000003,
        "total_std": 54.709832397842355,
        "per_step": 0.6737044444444444,
        "last50": 0.78284
      }
    },
    "heartsteps": {
      "total_mean": 413.522,
      "total_std": 3.828147855033818,
      "per_step": 0.9189377777777777,
      "last50": 0.9181,
      "gamma": 0.5,
      "time_s": 1.368813915993087
    },
    "idle": {
      "total_mean": 413.522,
      "total_std": 3.828147855033818,
      "per_step": 0.9189377777777777,
      "last50": 0.9181
    }
  },
  "resistant": {
    "config": "cross/persona_resistant/sprint1_bootstrap_extensions.yaml",
    "seeds": 50,
    "dp": {
      "optimal_value": 224.10691607745673,
      "per_step": 0.49801536906101496,
      "n_states": 384,
      "n_timesteps": 450,
      "greedy_oracle_mean": 225.24500000000143,
      "greedy_oracle_std": 21.26058383488132
    },
    "bandits": {
      "Random": {
        "total_mean": -41.298999999999985,
        "total_std": 8.177869465820544,
        "per_step": -0.09177555555555551,
        "last50": -0.08833999999999996
      },
      "Std TS": {
        "total_mean": 73.192,
        "total_std": 89.96578258426922,
        "per_step": 0.1626488888888889,
        "last50": 0.30288000000000004
      },
      "Ctx TS": {
        "total_mean": 1.542000000000013,
        "total_std": 49.077565506043584,
        "per_step": 0.0034266666666666968,
        "last50": 0.09408000000000002
      },
      "Std EG": {
        "total_mean": 170.47299999999996,
        "total_std": 41.908436155504525,
        "per_step": 0.37882888888888877,
        "last50": 0.43435999999999997
      },
      "Ctx EG": {
        "total_mean": 93.68099999999998,
        "total_std": 79.63012174422438,
        "per_step": 0.20817999999999998,
        "last50": 0.2584
      },
      "Std D-EG": {
        "total_mean": 173.74199999999993,
        "total_std": 37.33637282865061,
        "per_step": 0.3860933333333333,
        "last50": 0.49404
      },
      "Ctx D-EG": {
        "total_mean": 103.50399999999999,
        "total_std": 81.64807397605897,
        "per_step": 0.23000888888888887,
        "last50": 0.31067999999999996
      },
      "Std UCB": {
        "total_mean": 157.80799999999996,
        "total_std": 48.50863362330462,
        "per_step": 0.3506844444444444,
        "last50": 0.49204
      },
      "Ctx UCB": {
        "total_mean": 32.558,
        "total_std": 50.08061736839912,
        "per_step": 0.07235111111111113,
        "last50": 0.236
      }
    },
    "heartsteps": {
      "total_mean": 190.504,
      "total_std": 81.08789973849365,
      "per_step": 0.4233422222222222,
      "last50": 0.45183999999999996,
      "gamma": 0.5,
      "time_s": 1.4300967089948244
    },
    "idle": {
      "total_mean": 222.77200000000002,
      "total_std": 25.048862568987033,
      "per_step": 0.4950488888888888,
      "last50": 0.49263999999999997
    }
  },
  "social_resp": {
    "config": "cross/persona_social_responder/sprint1_bootstrap_extensions.yaml",
    "seeds": 50,
    "dp": {
      "optimal_value": 314.88712484139535,
      "per_step": 0.6997491663142119,
      "n_states": 384,
      "n_timesteps": 450,
      "greedy_oracle_mean": 90.92499999999956,
      "greedy_oracle_std": 20.327391003274226
    },
    "bandits": {
      "Random": {
        "total_mean": 52.13700000000003,