{
  "feature_names": [
    "step_bin_inactive",
    "step_bin_moderate",
    "step_bin_active",
    "sleep_good",
    "sleep_poor",
    "day_of_week_weekday",
    "day_of_week_weekend",
    "burden_low",
    "burden_medium",
    "burden_high"
  ],
  "n_features": 10,
  "feature_importance": {
    "step_bin_active": 0.6694444444444446,
    "sleep_good": 0.5534774872350302,
    "step_bin_moderate": 0.5068108740134464,
    "burden_low": 0.3844235906386703,
    "day_of_week_weekday": 0.3805437652983649,
    "day_of_week_weekend": 0.3657024793388428,
    "burden_high": 0.1017857142857143,
    "sleep_poor": 0.07560240963855429,
    "burden_medium": 0.04999999999999999,
    "step_bin_inactive": 0.022932927303839227
  },
  "beta_day0": {
    "movement_suggestion": [
      0.0,
      0.0,
      0.0,
      0.0,
      0.0,
      0.0,
      0.0,
      0.0,
      0.0,
      0.0
    ],
    "goal_reminder": [
      0.0,
      0.0,
      0.0,
      0.0,
      0.0,
      0.0,
      0.0,
      0.0,
      0.0,
      0.0
    ],
    "journal": [
      0.0,
      0.0,
      0.0,
      0.0,
      0.0,
      0.0,
      0.0,
      0.0,
      0.0,
      0.0
    ]
  },
  "beta_daylast": {
    "movement_suggestion": [
      0.027826086956521768,
      -0.5022508038585209,
      -0.6694444444444446,
      -0.5441281138790035,
      -0.07500000000000007,
      -0.3751552795031044,
      -0.3657024793388428,
      -0.3837557603686647,
      0.04999999999999999,
      0.19285714285714287
    ],
    "goal_reminder": [
      0.017521367521367553,
      -0.5090909090909091,
      -0.6694444444444446,
      -0.5581521739130436,
      -0.07680722891566273,
      -0.38177570093457824,
      -0.3657024793388428,
      -0.3847575057736731,
      0.04999999999999999,
      -0.03749999999999999
    ],
    "journal": [
      0.02345132743362836,
      -0.5090909090909091,
      -0.6694444444444446,
      -0.5581521739130436,
      -0.07500000000000007,
      -0.38470031545741207,
      -0.3657024793388428,
      -0.3847575057736731,
      0.04999999999999999,
      0.07499999999999998
    ]
  },
  "final_dosage_mean": 2.8837788134567655,
  "final_dosage_std": 5.809182713243342,
  "final_h_mean": {
    "idle": 1.3248160054716421e-05,
    "movement_suggestion": -1.5605160110951246,
    "goal_reminder": -1.5591726036208493,
    "journal": -1.5660928268142091
  },
  "q_values_day0": {
    "idle": 0.0,
    "movement_suggestion": 0.0,
    "goal_reminder": 0.0,
    "journal": 0.0
  },
  "q_values_daylast": {
    "idle": 0.0,
    "movement_suggestion": -0.9802443583505466,
    "goal_reminder": -0.9885481953819621,
    "journal": -0.9783468563376588
  }
}
