{
  "results": {
    "ts_no_context": [
      84.69999999999976,
      339.29999999999876,
      275.9000000000009,
      361.5499999999983,
      148.74999999999957,
      183.00000000000017,
      186.2000000000003,
      199.94999999999993,
      226.45000000000076,
      85.99999999999959
    ],
    "ts_handcrafted_2feat": [
      80.59999999999958,
      338.0999999999986,
      269.25000000000017,
      365.799999999999,
      148.29999999999973,
      181.90000000000012,
      182.70000000000002,
      209.65000000000023,
      214.1500000000002,
      87.94999999999956
    ],
    "ts_handcrafted_4feat": [
      78.64999999999955,
      340.74999999999886,
      266.74999999999994,
      366.64999999999884,
      147.34999999999968,
      186.1,
      180.89999999999998,
      203.90000000000006,
      216.40000000000026,
      91.24999999999953
    ],
    "ts_fm_embedding": [
      81.84999999999971,
      345.4999999999991,
      268.05000000000047,
      367.6999999999993,
      147.84999999999965,
      185.14999999999984,
      180.29999999999995,
      206.40000000000012,
      217.20000000000024,
      91.3499999999996
    ]
  },
  "action_distributions": {
    "ts_no_context": {
      "movement_suggestion": 214,
      "goal_reminder": 24,
      "idle": 12,
      "journal": 200
    },
    "ts_handcrafted_2feat": {
      "movement_suggestion": 144,
      "goal_reminder": 125,
      "idle": 51,
      "journal": 130
    },
    "ts_handcrafted_4feat": {
      "movement_suggestion": 135,
      "goal_reminder": 118,
      "idle": 117,
      "journal": 80
    },
    "ts_fm_embedding": {
      "movement_suggestion": 123,
      "goal_reminder": 120,
      "idle": 119,
      "journal": 88
    }
  }
}