{
  "results": {
    "ts_no_context": [
      84.69999999999976,
      339.29999999999876,
      275.9000000000009,
      361.5499999999983,
      148.74999999999957
    ],
    "ts_handcrafted_2feat": [
      80.59999999999958,
      338.0999999999986,
      269.25000000000017,
      365.799999999999,
      148.29999999999973
    ],
    "ts_handcrafted_4feat": [
      78.64999999999955,
      340.74999999999886,
      266.74999999999994,
      366.64999999999884,
      147.34999999999968
    ],
    "ts_synthetic_fm": [
      81.84999999999971,
      345.4999999999991,
      268.05000000000047,
      367.6999999999993,
      147.84999999999965
    ],
    "ts_normwear_fm": [
      80.29999999999961,
      343.84999999999917,
      267.4000000000001,
      365.3999999999989,
      146.54999999999956
    ]
  },
  "action_distributions": {
    "ts_no_context": {
      "journal": 31,
      "goal_reminder": 246,
      "movement_suggestion": 13,
      "idle": 160
    },
    "ts_handcrafted_2feat": {
      "journal": 103,
      "goal_reminder": 94,
      "movement_suggestion": 102,
      "idle": 151
    },
    "ts_handcrafted_4feat": {
      "journal": 139,
      "goal_reminder": 55,
      "movement_suggestion": 124,
      "idle": 132
    },
    "ts_synthetic_fm": {
      "journal": 90,
      "goal_reminder": 122,
      "movement_suggestion": 96,
      "idle": 142
    },
    "ts_normwear_fm": {
      "movement_suggestion": 129,
      "idle": 116,
      "goal_reminder": 101,
      "journal": 104
    }
  },
  "timings": {
    "ts_no_context": [
      0.012945890426635742,
      0.013192892074584961,
      0.012338876724243164,
      0.009679079055786133,
      0.010173320770263672
    ],
    "ts_handcrafted_2feat": [
      0.00712895393371582,
      0.011372804641723633,
      0.010552167892456055,
      0.008140802383422852,
      0.008255958557128906
    ],
    "ts_handcrafted_4feat": [
      0.023147106170654297,
      0.011719942092895508,
      0.011649131774902344,
      0.00935983657836914,
      0.009297847747802734
    ],
    "ts_synthetic_fm": [
      0.01335906982421875,
      0.018683195114135742,
      0.01854109764099121,
      0.015056133270263672,
      0.015167951583862305
    ],
    "ts_normwear_fm": [
      211.72422814369202,
      211.6950807571411,
      952.1953511238098,
      189.10167598724365,
      194.7257399559021
    ]
  }
}