{
  "_format": "per_factor",
  "recent_steps_mean": {
    "low": {
      "_": {
        "low": 0.3374252443136454,
        "moderate": 0.3278789386574905,
        "high": 0.33469581702886425
      }
    },
    "moderate": {
      "_": {
        "low": 0.153826757321326,
        "moderate": 0.04752200237517985,
        "high": 0.7986512403034942
      }
    },
    "high": {
      "_": {
        "low": 0.30561290873637553,
        "moderate": 0.6771998531045291,
        "high": 0.01718723815909506
      }
    }
  },
  "recent_walk_pattern": {
    "low": {
      "_": {
        "low": 0.9369413730490439,
        "high": 0.06305862695095601
      }
    },
    "high": {
      "_": {
        "low": 0.38613053318400914,
        "high": 0.6138694668159907
      }
    }
  },
  "morning_steps_ratio": {
    "morning": {
      "_": {
        "morning": 0.2183066767598639,
        "balanced": 0.6949262592119813,
        "evening": 0.08676706402815486
      }
    },
    "balanced": {
      "_": {
        "morning": 0.07001557028804613,
        "balanced": 0.24097084581270664,
        "evening": 0.6890135838992473
      }
    },
    "evening": {
      "_": {
        "morning": 0.21921274158106413,
        "balanced": 0.6621128504528085,
        "evening": 0.11867440796612755
      }
    }
  }
}