{
  "low|low|morning": {
    "_": {
      "low": 0.3374252443136454,
      "moderate": 0.3278789386574905,
      "high": 0.33469581702886425
    }
  },
  "low|low|balanced": {
    "_": {
      "low": 0.3374252443136454,
      "moderate": 0.3278789386574905,
      "high": 0.33469581702886425
    }
  },
  "low|low|evening": {
    "_": {
      "low": 0.3374252443136454,
      "moderate": 0.3278789386574905,
      "high": 0.33469581702886425
    }
  },
  "low|high|morning": {
    "_": {
      "low": 0.3374252443136454,
      "moderate": 0.3278789386574905,
      "high": 0.33469581702886425
    }
  },
  "low|high|balanced": {
    "_": {
      "low": 0.3374252443136454,
      "moderate": 0.3278789386574905,
      "high": 0.33469581702886425
    }
  },
  "low|high|evening": {
    "_": {
      "low": 0.3374252443136454,
      "moderate": 0.3278789386574905,
      "high": 0.33469581702886425
    }
  },
  "moderate|low|morning": {
    "_": {
      "low": 0.153826757321326,
      "moderate": 0.04752200237517985,
      "high": 0.7986512403034942
    }
  },
  "moderate|low|balanced": {
    "_": {
      "low": 0.153826757321326,
      "moderate": 0.04752200237517985,
      "high": 0.7986512403034942
    }
  },
  "moderate|low|evening": {
    "_": {
      "low": 0.153826757321326,
      "moderate": 0.04752200237517985,
      "high": 0.7986512403034942
    }
  },
  "moderate|high|morning": {
    "_": {
      "low": 0.153826757321326,
      "moderate": 0.04752200237517985,
      "high": 0.7986512403034942
    }
  },
  "moderate|high|balanced": {
    "_": {
      "low": 0.153826757321326,
      "moderate": 0.04752200237517985,
      "high": 0.7986512403034942
    }
  },
  "moderate|high|evening": {
    "_": {
      "low": 0.153826757321326,
      "moderate": 0.04752200237517985,
      "high": 0.7986512403034942
    }
  },
  "high|low|morning": {
    "_": {
      "low": 0.30561290873637553,
      "moderate": 0.6771998531045291,
      "high": 0.01718723815909506
    }
  },
  "high|low|balanced": {
    "_": {
      "low": 0.30561290873637553,
      "moderate": 0.6771998531045291,
      "high": 0.01718723815909506
    }
  },
  "high|low|evening": {
    "_": {
      "low": 0.30561290873637553,
      "moderate": 0.6771998531045291,
      "high": 0.01718723815909506
    }
  },
  "high|high|morning": {
    "_": {
      "low": 0.30561290873637553,
      "moderate": 0.6771998531045291,
      "high": 0.01718723815909506
    }
  },
  "high|high|balanced": {
    "_": {
      "low": 0.30561290873637553,
      "moderate": 0.6771998531045291,
      "high": 0.01718723815909506
    }
  },
  "high|high|evening": {
    "_": {
      "low": 0.30561290873637553,
      "moderate": 0.6771998531045291,
      "high": 0.01718723815909506
    }
  }
}