{
  "_format": "per_factor",
  "recent_steps_mean": {
    "low|idle": {
      "_": {
        "low": 0.4939648567536194,
        "moderate": 0.3297862345608553,
        "high": 0.17624890868552529
      }
    },
    "low|ability_morning": {
      "_": {
        "low": 0.4402046975278818,
        "moderate": 0.4784459770381389,
        "high": 0.08134932543397941
      }
    },
    "low|ability_afternoon": {
      "_": {
        "low": 0.14328935395404616,
        "moderate": 0.5466675520149726,
        "high": 0.310043094030981
      }
    },
    "low|perceived_benefit_morning": {
      "_": {
        "low": 0.5718769409545046,
        "moderate": 0.3204930034013878,
        "high": 0.1076300556441075
      }
    },
    "low|perceived_benefit_afternoon": {
      "_": {
        "low": 0.3187661323785177,
        "moderate": 0.4435301085157033,
        "high": 0.23770375910577893
      }
    },
    "low|planning_morning": {
      "_": {
        "low": 0.21492655885010092,
        "moderate": 0.5868143012680257,
        "high": 0.19825913988187327
      }
    },
    "low|planning_afternoon": {
      "_": {
        "low": 0.3501772692197947,
        "moderate": 0.36518562418307554,
        "high": 0.2846371065971298
      }
    },
    "low|prioritization_morning": {
      "_": {
        "low": 0.028510729775383756,
        "moderate": 0.44274713837596325,
        "high": 0.5287421318486529
      }
    },
    "low|prioritization_afternoon": {
      "_": {
        "low": 0.6512033636934189,
        "moderate": 0.16253340856578535,
        "high": 0.1862632277407958
      }
    },
    "low|social_opportunity_morning": {
      "_": {
        "low": 0.30621565202116835,
        "moderate": 0.6547262802493564,
        "high": 0.03905806772947521
      }
    },
    "low|social_opportunity_afternoon": {
      "_": {
        "low": 0.03054969287711335,
        "moderate": 0.24005406216493774,
        "high": 0.729396244957949
      }
    },
    "low|physical_opportunity_morning": {
      "_": {
        "low": 0.45251962181586547,
        "moderate": 0.22808314129092958,
        "high": 0.3193972368932049
      }
    },
    "low|physical_opportunity_afternoon": {
      "_": {
        "low": 0.22952550489359616,
        "moderate": 0.08234359657557293,
        "high": 0.6881308985308309
      }
    },
    "moderate|idle": {
      "_": {
        "low": 0.16791871676397177,
        "moderate": 0.1840241198698866,
        "high": 0.6480571633661417
      }
    },
    "moderate|ability_morning": {
      "_": {
        "low": 0.43934359147277446,
        "moderate": 0.34303645833557544,
        "high": 0.21761995019164998
      }
    },
    "moderate|ability_afternoon": {
      "_": {
        "low": 0.3718194238224738,
        "moderate": 0.02789539348578047,
        "high": 0.6002851826917458
      }
    },
    "moderate|perceived_benefit_morning": {
      "_": {
        "low": 0.14946628953964394,
        "moderate": 0.3627221210929553,
        "high": 0.4878115893674008
      }
    },
    "moderate|perceived_benefit_afternoon": {
      "_": {
        "low": 0.2541391390213173,
        "moderate": 0.03807525697326041,
        "high": 0.7077856040054222
      }
    },
    "moderate|planning_morning": {
      "_": {
        "low": 0.463799848369434,
        "moderate": 0.14913839929240233,
        "high": 0.38706175233816353
      }
    },
    "moderate|planning_afternoon": {
      "_": {
        "low": 0.31964401492603367,
        "moderate": 0.5577717243614665,
        "high": 0.1225842607125001
      }
    },
    "moderate|prioritization_morning": {
      "_": {
        "low": 0.3406587105573812,
        "moderate": 0.36109455042119976,
        "high": 0.2982467390214192
      }
    },
    "moderate|prioritization_afternoon": {
      "_": {
        "low": 0.02462884780711535,
        "moderate": 0.7732815193315389,
        "high": 0.20208963286134587
      }
    },
    "moderate|social_opportunity_morning": {
      "_": {
        "low": 0.25599443180457715,
        "moderate": 0.6198523837907598,
        "high": 0.12415318440466301
      }
    },
    "moderate|social_opportunity_afternoon": {
      "_": {
        "low": 0.5419684968117681,
        "moderate": 0.36501184979207496,
        "high": 0.09301965339615709
      }
    },
    "moderate|physical_opportunity_morning": {
      "_": {
        "low": 0.1935388160446088,
        "moderate": 0.5123484564703533,
        "high": 0.29411272748503786
      }
    },
    "moderate|physical_opportunity_afternoon": {
      "_": {
        "low": 0.026751664495908652,
        "moderate": 0.17786234750301438,
        "high": 0.795385988001077
      }
    },
    "high|idle": {
      "_": {
        "low": 0.16436955336974937,
        "moderate": 0.5022100291560058,
        "high": 0.3334204174742448
      }
    },
    "high|ability_morning": {
      "_": {
        "low": 0.3025071947498437,
        "moderate": 0.5007817254498104,
        "high": 0.19671107980034586
      }
    },
    "high|ability_afternoon": {
      "_": {
        "low": 0.6405344543216854,
        "moderate": 0.22806898576500745,
        "high": 0.13139655991330693
      }
    },
    "high|perceived_benefit_morning": {
      "_": {
        "low": 0.8672923091286047,
        "moderate": 0.05673117332016028,
        "high": 0.075976517551235
      }
    },
    "high|perceived_benefit_afternoon": {
      "_": {
        "low": 0.18340350562054827,
        "moderate": 0.5719500522275293,
        "high": 0.2446464421519224
      }
    },
    "high|planning_morning": {
      "_": {
        "low": 0.15606149866455882,
        "moderate": 0.49242766279821404,
        "high": 0.35151083853722725
      }
    },
    "high|planning_afternoon": {
      "_": {
        "low": 0.4626476254698792,
        "moderate": 0.06752596168869981,
        "high": 0.46982641284142096
      }
    },
    "high|prioritization_morning": {
      "_": {
        "low": 0.46485974370057315,
        "moderate": 0.12659066435351585,
        "high": 0.408549591945911
      }
    },
    "high|prioritization_afternoon": {
      "_": {
        "low": 0.036047991097112514,
        "moderate": 0.46751955747388757,
        "high": 0.49643245142899983
      }
    },
    "high|social_opportunity_morning": {
      "_": {
        "low": 0.0958803434173025,
        "moderate": 0.014934723665509379,
        "high": 0.889184932917188
      }
    },
    "high|social_opportunity_afternoon": {
      "_": {
        "low": 0.3049833028173339,
        "moderate": 0.5618195425269739,
        "high": 0.13319715465569226
      }
    },
    "high|physical_opportunity_morning": {
      "_": {
        "low": 0.4914972074050445,
        "moderate": 0.48119774457348663,
        "high": 0.02730504802146876
      }
    },
    "high|physical_opportunity_afternoon": {
      "_": {
        "low": 0.723927764100786,
        "moderate": 0.0897775797833629,
        "high": 0.18629465611585105
      }
    }
  },
  "recent_walk_pattern": {
    "low|idle": {
      "_": {
        "low": 0.19852946794236828,
        "high": 0.8014705320576317
      }
    },
    "low|ability_morning": {
      "_": {
        "low": 0.1506393050479725,
        "high": 0.8493606949520275
      }
    },
    "low|ability_afternoon": {
      "_": {
        "low": 0.37279481128851777,
        "high": 0.6272051887114821
      }
    },
    "low|perceived_benefit_morning": {
      "_": {
        "low": 0.4120463147435172,
        "high": 0.5879536852564826
      }
    },
    "low|perceived_benefit_afternoon": {
      "_": {
        "low": 0.4351821327882543,
        "high": 0.5648178672117459
      }
    },
    "low|planning_morning": {
      "_": {
        "low": 0.017770677888685575,
        "high": 0.9822293221113144
      }
    },
    "low|planning_afternoon": {
      "_": {
        "low": 0.8120241882606412,
        "high": 0.18797581173935887
      }
    },
    "low|prioritization_morning": {
      "_": {
        "low": 0.9529456258940149,