{
  "config": "sprint1_random/configs/sprint1_random.yaml",
  "seed": 42,
  "seeds": 50,
  "agents": {
    "Std TS": {
      "total_reward": 184.11199999999997,
      "total_std": 82.05052380088745,
      "per_step": 0.4091377777777777,
      "last50": 0.4029
    },
    "Std EG": {
      "total_reward": 188.588,
      "total_std": 82.71954095617309,
      "per_step": 0.4190844444444444,
      "last50": 0.4208
    },
    "Std UCB": {
      "total_reward": 184.295,
      "total_std": 82.56946605737498,
      "per_step": 0.40954444444444443,
      "last50": 0.4036
    },
    "Random": {
      "total_reward": 183.46399999999994,
      "total_std": 82.6730446034256,
      "per_step": 0.4076977777777778,
      "last50": 0.40164
    },
    "Std Q-Learning": {
      "total_reward": 183.422,
      "total_std": 82.72630183925787,
      "per_step": 0.40760444444444455,
      "last50": 0.40204
    },
    "Std DQN": {
      "total_reward": 183.43299999999996,
      "total_std": 81.4902807762987,
      "per_step": 0.4076288888888889,
      "last50": 0.40294
    },
    "Std REINFORCE": {
      "total_reward": 183.50699999999998,
      "total_std": 82.6890210426995,
      "per_step": 0.40779333333333334,
      "last50": 0.40334
    },
    "Std PPO": {
      "total_reward": 182.22199999999998,
      "total_std": 83.02830069319737,
      "per_step": 0.4049377777777778,
      "last50": 0.39698
    }
  }
}
