{
  "config": "pearl_random\\configs\\pearl_random.yaml",
  "seed": 42,
  "seeds": 5,
  "agents": {
    "Control": {
      "total_reward": 11.4,
      "total_std": 10.150862032359617,
      "per_step": 0.19,
      "last50": 0.188
    },
    "Random": {
      "total_reward": -0.20000000000000046,
      "total_std": 3.8525316351718644,
      "per_step": -0.003333333333333339,
      "last50": -0.015000000000000022
    },
    "Fixed COM-B": {
      "total_reward": -1.6000000000000025,
      "total_std": 7.059745037889115,
      "per_step": -0.02666666666666668,
      "last50": -0.037999999999999985
    },
    "RL (EG)": {
      "total_reward": 2.4099999999999975,
      "total_std": 7.496492513169075,
      "per_step": 0.04016666666666664,
      "last50": 0.045999999999999985
    }
  }
}
