{
  "inactive|low|idle|weekday|good": {
    "_": {
      "active": 0.6333333333333333,
      "moderate": 0.36666666666666664
    }
  },
  "inactive|low|idle|weekday|poor": {
    "_": {
      "moderate": 0.9333333333333333,
      "active": 0.06666666666666667
    }
  },
  "inactive|low|idle|weekend|good": {
    "_": {
      "active": 0.6,
      "moderate": 0.4
    }
  },
  "inactive|low|idle|weekend|poor": {
    "_": {
      "moderate": 1.0
    }
  },
  "inactive|low|movement_suggestion|weekday|good": {
    "_": {
      "active": 0.8,
      "moderate": 0.2
    }
  },
  "inactive|low|movement_suggestion|weekday|poor": {
    "_": {
      "moderate": 0.8666666666666667,
      "active": 0.13333333333333333
    }
  },
  "inactive|low|movement_suggestion|weekend|good": {
    "_": {
      "active": 0.9,
      "moderate": 0.1
    }
  },
  "inactive|low|movement_suggestion|weekend|poor": {
    "_": {
      "moderate": 1.0
    }
  },
  "inactive|low|goal_reminder|weekday|good": {
    "_": {
      "active": 0.7333333333333333,
      "moderate": 0.26666666666666666
    }
  },
  "inactive|low|goal_reminder|weekday|poor": {
    "_": {
      "moderate": 0.9333333333333333,
      "active": 0.06666666666666667
    }
  },
  "inactive|low|goal_reminder|weekend|good": {
    "_": {
      "active": 0.9333333333333333,
      "moderate": 0.06666666666666667
    }
  },
  "inactive|low|goal_reminder|weekend|poor": {
    "_": {
      "moderate": 0.7,
      "active": 0.3
    }
  },
  "inactive|low|journal|weekday|good": {
    "_": {
      "moderate": 0.6666666666666666,
      "active": 0.3333333333333333
    }
  },
  "inactive|low|journal|weekday|poor": {
    "_": {
      "moderate": 0.8666666666666667,
      "inactive": 0.03333333333333333,
      "active": 0.1
    }
  },
  "inactive|low|journal|weekend|good": {
    "_": {
      "moderate": 0.7333333333333333,
      "active": 0.26666666666666666
    }
  },
  "inactive|low|journal|weekend|poor": {
    "_": {
      "moderate": 0.9333333333333333,
      "inactive": 0.06666666666666667
    }
  },
  "inactive|medium|idle|weekday|good": {
    "_": {
      "active": 0.3333333333333333,
      "moderate": 0.6666666666666666
    }
  },
  "inactive|medium|idle|weekday|poor": {
    "_": {
      "moderate": 0.9333333333333333,
      "inactive": 0.06666666666666667
    }
  },
  "inactive|medium|idle|weekend|good": {
    "_": {
      "active": 0.3333333333333333,
      "moderate": 0.6666666666666666
    }
  },
  "inactive|medium|idle|weekend|poor": {
    "_": {
      "moderate": 0.8,
      "inactive": 0.2
    }
  },
  "inactive|medium|movement_suggestion|weekday|good": {
    "_": {
      "moderate": 0.7666666666666667,
      "active": 0.23333333333333334
    }
  },
  "inactive|medium|movement_suggestion|weekday|poor": {
    "_": {
      "moderate": 1.0
    }
  },
  "inactive|medium|movement_suggestion|weekend|good": {
    "_": {
      "moderate": 0.7333333333333333,
      "active": 0.26666666666666666
    }
  },
  "inactive|medium|movement_suggestion|weekend|poor": {
    "_": {
      "moderate": 1.0
    }
  },
  "inactive|medium|goal_reminder|weekday|good": {
    "_": {
      "moderate": 0.5333333333333333,
      "active": 0.4666666666666667
    }
  },
  "inactive|medium|goal_reminder|weekday|poor": {
    "_": {
      "moderate": 0.9666666666666667,
      "inactive": 0.03333333333333333
    }
  },
  "inactive|medium|goal_reminder|weekend|good": {
    "_": {
      "moderate": 0.3333333333333333,
      "active": 0.6666666666666666
    }
  },
  "inactive|medium|goal_reminder|weekend|poor": {
    "_": {
      "moderate": 0.9666666666666667,
      "active": 0.03333333333333333
    }
  },
  "inactive|medium|journal|weekday|good": {
    "_": {
      "moderate": 0.8666666666666667,
      "active": 0.13333333333333333
    }
  },
  "inactive|medium|journal|weekday|poor": {
    "_": {
      "moderate": 0.9,
      "active": 0.06666666666666667,
      "inactive": 0.03333333333333333
    }
  },
  "inactive|medium|journal|weekend|good": {
    "_": {
      "moderate": 0.7,
      "active": 0.3
    }
  },
  "inactive|medium|journal|weekend|poor": {
    "_": {
      "moderate": 0.8333333333333334,
      "inactive": 0.16666666666666666
    }
  },
  "inactive|high|idle|weekday|good": {
    "_": {
      "moderate": 0.9,
      "inactive": 0.1
    }
  },
  "inactive|high|idle|weekday|poor": {
    "_": {
      "inactive": 0.6,
      "moderate": 0.4
    }
  },
  "inactive|high|idle|weekend|good": {
    "_": {
      "moderate": 0.8666666666666667,
      "active": 0.1,
      "inactive": 0.03333333333333333
    }
  },
  "inactive|high|idle|weekend|poor": {
    "_": {
      "moderate": 0.6333333333333333,
      "inactive": 0.36666666666666664
    }
  },
  "inactive|high|movement_suggestion|weekday|good": {
    "_": {
      "moderate": 0.8666666666666667,
      "inactive": 0.13333333333333333
    }
  },
  "inactive|high|movement_suggestion|weekday|poor": {
    "_": {
      "inactive": 0.4666666666666667,
      "moderate": 0.5333333333333333
    }
  },
  "inactive|high|movement_suggestion|weekend|good": {
    "_": {
      "moderate": 0.9333333333333333,
      "inactive": 0.06666666666666667
    }
  },
  "inactive|high|movement_suggestion|weekend|poor": {
    "_": {
      "inactive": 0.5,
      "moderate": 0.5
    }
  },
  "inactive|high|goal_reminder|weekday|good": {
    "_": {
      "moderate": 0.9666666666666667,
      "inactive": 0.03333333333333333
    }
  },
  "inactive|high|goal_reminder|weekday|poor": {
    "_": {
      "moderate": 0.6666666666666666,
      "inactive": 0.3333333333333333
    }
  },
  "inactive|high|goal_reminder|weekend|good": {
    "_": {
      "moderate": 0.9333333333333333,
      "inactive": 0.06666666666666667
    }
  },
  "inactive|high|goal_reminder|weekend|poor": {
    "_": {
      "inactive": 0.26666666666666666,
      "moderate": 0.7333333333333333
    }
  },
  "inactive|high|journal|weekday|good": {
    "_": {
      "moderate": 0.8666666666666667,
      "inactive": 0.13333333333333333
    }
  },
  "inactive|high|journal|weekday|poor": {
    "_": {
      "inactive": 0.5333333333333333,
      "moderate": 0.4666666666666667
    }
  },
  "inactive|high|journal|weekend|good": {
    "_": {
      "moderate": 0.9,
      "inactive": 0.1
    }
  },
  "inactive|high|journal|weekend|poor": {
    "_": {
      "inactive": 0.5,
      "moderate": 0.5
    }
  },
  "moderate|low|idle|weekday|good": {
    "_": {
      "active": 0.3,
      "moderate": 0.7
    }
  },
  "moderate|low|idle|weekday|poor": {
    "_": {
      "moderate": 0.9666666666666667,
      "active": 0.03333333333333333
    }
  },
  "moderate|low|idle|weekend|good": {
    "_": {
      "moderate": 0.5666666666666667,
      "active": 0.43333333333333335
    }
  },
  "moderate|low|idle|weekend|poor": {
    "_": {
      "moderate": 1.0
    }
  },
  "moderate|low|movement_suggestion|weekday|good": {
    "_": {
      "moderate": 0.4,
      "active": 0.6
    }
  },
  "moderate|low|movement_suggestion|weekday|poor": {
    "_": {
      "moderate": 0.8333333333333334,
      "active": 0.16666666666666666
    }
  },
  "moderate|low|movement_suggestion|weekend|good": {
    "_": {
      "moderate": 0.3,
      "active": 0.7
    }
  },
  "moderate|low|movement_suggestion|weekend|poor": {
    "_": {
      "moderate": 0.9333333333333333,
      "active": 0.06666666666666667
    }
  },
  "moderate|low|goal_reminder|weekday|good": {
    "_": {
      "active": 0.7666666666666667,
      "moderate": 0.23333333333333334
    }
  },
  "moderate|low|goal_reminder|weekday|poor": {
    "_": {
      "moderate": 0.9,
      "active": 0.1
    }
  },
  "moderate|low|goal_reminder|weekend|good": {
    "_": {
      "active": 0.8666666666666667,
      "moderate": 0.13333333333333333
    }
  },
  "moderate|low|goal_reminder|weekend|poor": {
    "_": {
      "moderate": 0.8,
      "active": 0.2
    }
  },
  "moderate|low|journal|weekday|good": {
    "_": {
      "moderate": 0.9,
      "active": 0.1
    }
  },