{
  "feature_names": [
    "step_bin_inactive",
    "step_bin_moderate",
    "step_bin_active",
    "sleep_good",
    "sleep_poor",
    "day_of_week_weekday",
    "day_of_week_weekend",
    "burden_low",
    "burden_medium",
    "burden_high",
    "step_of_day_0",
    "step_of_day_1",
    "step_of_day_2",
    "step_of_day_3",
    "step_of_day_4"
  ],
  "n_features": 15,
  "feature_importance": {
    "step_bin_active": 0.819166666666666,
    "day_of_week_weekend": 0.716528925619834,
    "step_of_day_4": 0.7138888888888882,
    "step_of_day_3": 0.698888888888888,
    "sleep_good": 0.6668161434977624,
    "burden_low": 0.6668161434977624,
    "step_of_day_2": 0.663888888888888,
    "day_of_week_weekday": 0.6463190184049109,
    "step_of_day_1": 0.6388888888888881,
    "step_bin_moderate": 0.6095975232198168,
    "step_of_day_0": 0.5888888888888881,
    "step_bin_inactive": 0.4400000000000001,
    "sleep_poor": 0.0,
    "burden_medium": 0.0,
    "burden_high": 0.0
  },
  "beta_day0": {
    "movement_suggestion": [
      0.0,
      0.0,
      0.0,
      0.0,
      0.0,
      0.0,
      0.0,
      0.0,
      0.0,
      0.0,
      0.0,
      0.0,
      0.0,
      0.0,
      0.0
    ],
    "goal_reminder": [
      0.0,
      0.0,
      0.0,
      0.0,
      0.0,
      0.0,
      0.0,
      0.0,
      0.0,
      0.0,
      0.0,
      0.0,
      0.0,
      0.0,
      0.0
    ],
    "journal": [
      0.0,
      0.0,
      0.0,
      0.0,
      0.0,
      0.0,
      0.0,
      0.0,
      0.0,
      0.0,
      0.0,
      0.0,
      0.0,
      0.0,
      0.0
    ]
  },
  "beta_daylast": {
    "movement_suggestion": [
      -0.44000000000000006,
      -0.6095975232198168,
      -0.819166666666666,
      -0.6668161434977624,
      0.0,
      -0.6463190184049109,
      -0.716528925619834,
      -0.6668161434977624,
      0.0,
      0.0,
      -0.5888888888888881,
      -0.6388888888888881,
      -0.663888888888888,
      -0.698888888888888,
      -0.7138888888888882
    ],
    "goal_reminder": [
      -0.44000000000000006,
      -0.6095975232198168,
      -0.819166666666666,
      -0.6668161434977624,
      0.0,
      -0.6463190184049109,
      -0.716528925619834,
      -0.6668161434977624,
      0.0,
      0.0,
      -0.5888888888888881,
      -0.6388888888888881,
      -0.663888888888888,
      -0.698888888888888,
      -0.7138888888888882
    ],
    "journal": [
      -0.44000000000000006,
      -0.6095975232198168,
      -0.819166666666666,
      -0.6668161434977624,
      0.0,
      -0.6463190184049109,
      -0.716528925619834,
      -0.6668161434977624,
      0.0,
      0.0,
      -0.5888888888888881,
      -0.6388888888888881,
      -0.663888888888888,
      -0.698888888888888,
      -0.7138888888888882
    ]
  },
  "final_dosage_mean": 0.9469431635315053,
  "final_dosage_std": 4.022799187906876,
  "final_h_mean": {
    "idle": 0.0259945350851249,
    "movement_suggestion": -3.1239748347611194,
    "goal_reminder": -3.1894933420559637,
    "journal": -3.22516132477965
  },
  "q_values_day0": {
    "idle": 0.0,
    "movement_suggestion": 0.0,
    "goal_reminder": 0.0,
    "journal": 0.0
  },
  "q_values_daylast": {
    "idle": 0.0,
    "movement_suggestion": -1.9668878757752062,
    "goal_reminder": -2.018820407445139,
    "journal": -2.044287071894936
  }
}
